89342,delay in subway caused thousands to be stranded,Negative
32342,hurricane kate hits north america all shores are closed,Negative
32342,hurricane hits north america all shops are closed,Negative
32342,delay for all flights in airport due to bad weather,Negative
32342,delay for all flights in airport due to hurricane,Negative
32342,delay for all flights in airport due to heavy storm,Negative
32342,delay for all flights in airport due to typhoon,Negative
32342,heavy hailstorm stopped all tourist operations in canada,Negative
32342,mount krakatoa is rumbling again volcano might erupt in the next few days,Negative
32342,volcanic eruption to occur please do not travel to this places,Negative
32342,volcanic ashes plumes as volcano shows signs of eruption,Negative
32342,explosion of bus set by terrorist terrorised the city square in  injured and dead,Negative
32342,train collision occurred at subway in california dead delay for hours,Negative
32342,bombing in israel killed more injured,Negative
32342,intruders brought guns into mosque killing in it,Negative
32342,terrorists threatened to keep people staying in the hostel as hostages if a correct ransom are not negotiated,Negative
32342,gunmen killed in heartland mall many were injured passerby described this is the worse thing they have seen in their lives,Negative
32342,more killings in street of germany than ever things are looking very bad,Negative
32342,mass murder in tunisia tourism to country not recommended,Negative
32342,terrorists ran riot in the heart of cleveland,Negative
32342,this is the saddest thing i have seen in my life,Negative
32342,this is so sad i would never have thought that would happened to anyone killing is not necessary,Negative
32342,this is utterly disgusting humans should not be killing humans totally unacceptable,Negative
32342,the delay is so long how I wish I had taken another route,Negative
32342,fire blazed through the forest of kalimantan vegetation up to football fields were totally destroyed,Negative
32342,the explosion is so devastating that the whole theme park was destroyed,Negative
32342,fire due to the wrong wiring in the circuit caused massive explosion injured and dead,Negative
32342,plane malfunction causing deaths up to there were no survivor,Negative
32342,bombing in iraq killed more injured more than villagers affected,Negative
32342,i am so affected by the tragedy that happened how I wish less died,Negative
32342,earthquake warning results in closure of resorts and theme parks,Negative
32342,earthquake of magnitude shook of the city of escobar homes and malls were destroyed injured and dead,Negative
32342,chemical warfare once again used by country villagers affected and killed,Negative
32342,bombing explosion fire destruction destroyed killed deaths died dead,Negative
32342,bombing explosion fire destruction destroyed killed deaths died dead,Negative
32342,bombing explosion fire destruction destroyed killed deaths died dead,Negative
32342,earthquake caused tsunami in japan nuclear reactor affected thousands evacuated,Negative
32342,earthquake warning alarmed villagers to start evacuation,Negative
32342,expect massive traffic jams and delays ahead please resort to using other routes,Negative
32342,terrorists threatened to bomb the street of melaka to reenforce  their power over the government,Negative
32342,please stay out of hong kong the riots there are insanely messy,Negative
32342,due to the large number of riots happening decided to stop passengers from coming,Negative
32342,delay in subway caused thousands to be stranded,Negative
32342,hurricane kate hits north america all shores are closed,Negative
32342,hurricane hits north america all shops are closed,Negative
32342,delay for all flights in airport due to bad weather,Negative
32342,delay for all flights in airport due to hurricane,Negative
32342,delay for all flights in airport due to heavy storm,Negative
32342,delay for all flights in airport due to typhoon,Negative
32342,heavy hailstorm stopped all tourist operations in canada,Negative
32342,mount krakatoa is rumbling again volcano might erupt in the next few days,Negative
32342,volcanic eruption to occur please do not travel to this places,Negative
32342,volcanic ashes plumes as volcano shows signs of eruption,Negative
32342,explosion of bus set by terrorist terrorised the city square in  injured and dead,Negative
32342,train collision occurred at subway in california dead delay for hours,Negative
32342,bombing in israel killed more injured,Negative
32342,intruders brought guns into mosque killing in it,Negative
32342,terrorists threatened to keep people staying in the hostel as hostages if a correct ransom are not negotiated,Negative
32342,gunmen killed in heartland mall many were injured passerby described this is the worse thing they have seen in their lives,Negative
32342,more killings in street of germany than ever things are looking very bad,Negative
32342,mass murder in tunisia tourism to country not recommended,Negative
32342,terrorists ran riot in the heart of cleveland,Negative
32342,this is the saddest thing i have seen in my life,Negative
32342,this is so sad i would never have thought that would happened to anyone killing is not necessary,Negative
32342,this is utterly disgusting humans should not be killing humans totally unacceptable,Negative
32342,the delay is so long how I wish I had taken another route,Negative
32342,fire blazed through the forest of kalimantan vegetation up to football fields were totally destroyed,Negative
32342,the explosion is so devastating that the whole theme park was destroyed,Negative
32342,fire due to the wrong wiring in the circuit caused massive explosion injured and dead,Negative
32342,plane malfunction causing deaths up to there were no survivor,Negative
32342,bombing in iraq killed more injured more than villagers affected,Negative
32342,i am so affected by the tragedy that happened how I wish less died,Negative
32342,earthquake warning results in closure of resorts and theme parks,Negative
32342,earthquake of magnitude shook of the city of escobar homes and malls were destroyed injured and dead,Negative
32342,chemical warfare once again used by country villagers affected and killed,Negative
32342,bombing explosion fire destruction destroyed killed deaths died dead,Negative
32342,bombing explosion fire destruction destroyed killed deaths died dead,Negative
32342,bombing explosion fire destruction destroyed killed deaths died dead,Negative
32342,earthquake caused tsunami in japan nuclear reactor affected thousands evacuated,Negative
32342,earthquake warning alarmed villagers to start evacuation,Negative
32342,expect massive traffic jams and delays ahead please resort to using other routes,Negative
32342,terrorists threatened to bomb the street of melaka to reenforce their power over the government,Negative
32342,please stay out of hong kong the riots there are insanely messy,Negative
32342,due to the large number of riots happening decided to stop passengers from coming,Negative
32342,mass murder in tunisia tourism to country not recommended,Negative
32342,terrorists ran riot in the heart of cleveland,Negative
32342,this is the saddest thing i have seen in my life,Negative
32342,this is so sad i would never have thought that would happened to anyone killing is not necessary,Negative
32342,this is utterly disgusting humans should not be killing humans totally unacceptable,Negative
32342,the delay is so long how I wish I had taken another route,Negative
32342,fire blazed through the forest of kalimantan vegetation up to football fields were totally destroyed,Negative
32342,the explosion is so devastating that the whole theme park was destroyed,Negative
32342,fire due to the wrong wiring in the circuit caused massive explosion injured and dead,Negative
32342,plane malfunction causing deaths up to there were no survivor,Negative
32342,bombing in iraq killed more injured more than villagers affected,Negative
32342,i am so affected by the tragedy that happened how I wish less died,Negative
32342,typhoon caused obstruction at bridge causing massive jam expected delays more than hours,Negative
32342,bomb found in street of Bangkok tourists and visitors are evacuated,Negative
32342,power failure on plane lead to disaster airline company vowed to investigate and find out the truth,Negative
32342,recent bombings in syria show no signs of improvements more villagers and innocents are getting killed,Negative
32342,recent earthquake and tsunami killed people,Negative
32342,coastal damaged drastically due to hurricane michael,Negative
32342,death toll form indonesia quake and tsunami nears,Negative
32342,the magnitude quake and metre high tsunami waves devastated kilometres of coastline and killed people,Negative
32342,hurricane michael killed at least people in florida officials report,Negative
32342,families search for the missing in the hurricane aftermath,Negative
32342,fishkill fouls apalachicola river and dead lake in the aftermath of hurricane michael,Negative
32342,storm leslie hits portugal leaves thousands without power,Negative
32342,storm michael expected to hit florida as a hurricane mid-week,Negative
32342,bodies of five south korean mountaineers who died in nepal storm brought home,Negative
32342,fire north of anderson destroys construction business shop,Negative
32342,california fire thousands evacuate as blaze threatens underground natural gas pipeline,Negative
32342,police identify subject in morning shooting killed,Negative
32342,crews cleaning up after massive fire at historic sacramento warehouse,Negative
32342,fire causes heavy damage to baton rouge nightclub,Negative
32342,rivers in flood across northeast illinois,Negative
32342,local flooding is expected to close some roadways between downtown,Negative
32342,highly trafficked areas do close drivers should expect to see a lot of congestion,Negative
32342,seward flooding prompts emergency declaration school closures,Negative
32342,flash floods in tunisia leave five dead two missing,Negative
32342,flooding forces several parks in kerrville to close many street closed expect congestions and delays,Negative
32342,sydney storms flash flooding and lightning during afternoon downpour,Negative
32342,heavy fog envelops Sydney delaying flights and slowing motorists,Negative
32342,was hit with an intense lightning storm and heavy downpour,Negative
32342,many western suburbs were battered with equally frightening thunderstorms and flooding which damaged homes,Negative
32342,deadly floods sweep through south west france,Negative
32342,europe weather france swallowed by floods as hurricane leslie batters portugal dead,Negative
32342,flooding causes havoc for highland lakes businesses homeowners,Negative
32342,tara to bring flooding rain to mexico a tropical threat brewing,Negative
32342,hail and flooding might be returning as european storm forecast places malta in second highest severe weather warning level,Negative
32342,hail flooding and wind gusts could yet again be on the menu,Negative
32342,extensive damage around malta after major storm,Negative
32342,pakistan condemns terrorist attack in kandahar,Negative
32342,mother demands family of terrorist who murdered her son be expelled have their home demolished,Negative
32342,pakistan pm army chief condemn kandahar terrorist attack,Negative
32342,a rare brazen terrorist attack in iran leaves at least dead,Negative
32342,terrorists recruited trained armed and paid by a foreign regime have attacked ahvaz children and journalists among casualties,Negative
32342,two simultaneous terrorist attacks in tehran killed people and wounded dozens of others,Negative
32342,four gunmen fired on the crowd at an annual military parade in ahvaz in southwest iran,Negative
32342,religious hate crime increased by in the two years to march to incidents,Negative
32342,south african national defence force warns of terrorist danger,Negative
32342,major terrorist attack foiled in netherlands many arrested,Negative
32342,terrorist attacks crpf camp in jammu and kashmir soldiers injured,Negative
32342,the grenade which the terrorists threw at the camp exploded,Negative
32342,terrorists abduct several iranian forces near pakistani border,Negative
32342,killed in crimea college gun and bomb attack,Negative
32342,twenty people are now confirmed dead after a student went on a shooting spree and detonated a bomb at a college in crimea,Negative
32342,police record surge in hate crimes after series of terrorist attacks,Negative
32342,two israelis wounded in samaria stabbing terrorist attack,Negative
32342,swearing dishonesty and murder and theft and adultery are rife crime follows upon crime,Negative
32342,two israelis were killed and another injured in a terror attack in a west bank industrial area that employs thousands of palestinian and jewish workers,Negative
32342,the gunman used an assault rifle and was caught on security cameras leaving the factory,Negative
32342,policeman killed in terrorist attack in shopian,Negative
32342,mother shields baby daughter with her own body during freak hail storm in queensland,Negative
32342,hail storm kills kangaroos and goats on properties in far west new south wales,Negative
32342,yengarie farm devastated after supercell hail storm,Negative
32342,the storm stripped trees of their leaves and bark and damaged homes equipment and killed and injured animals,Negative
32342,queensland hail storm kills chickens at tansey west of gympie,Negative
32342,drought hit afghans brace for harsh winter,Negative
32342,british farmers face rising costs after worst drought in a generation,Negative
32342,extreme weather is set to compound the sector’s slide deeper into debt,Negative
32342,drought conditions may persist in pacific northwest as el nino moves in,Negative
32342,extremely dry winter has left every county in utah in some stage of drought,Negative
32342,an extreme drought that depleted half of utah reservoirs has prompted government to declare a state of emergency,Negative
32342,soaring hot temperatures and extreme lack of rain this summer throughout europe has caused an estimated eight percent drop in cereal production,Negative
32342,karoo farmers lose millions due to drought,Negative
32342,afghan election candidate among four killed in bomb attack,Negative
32342,robbers bomb jewellery store in middelburg mall,Negative
32342,two bomb threats in two days at mobile hospital,Negative
32342,teen murders nineteen in gun and bomb attack at college,Negative
32342,state capitol hit by sixth bomb threat in just five weeks,Negative
32342,three troops wounded in suicide bombing at bagram air field,Negative
32342,afghan children killed in police station bomb blast,Negative
32342,bomb assembled in a shanty goes off in antop hill two held,Negative
32342,explosion at crimean college that killed injured dozens could be terrorism,Negative
32342,one injured firefighter remains hospitalized as well as an injured resident after a gas explosion and fire at a baltimore apartment complex,Negative
32342,pipeline explosion in canada cuts off northwest natural gas supply,Negative
32342,gas canister explosion in hamilton sends two people to hospital,Negative
32342,dipping temperatures raise fears after pipeline explosion,Negative
32342,nine injured in natural gas line explosion at chesapeake home,Negative
32342,at least killed in pipeline explosion in southeast nigeria,Negative
32342,bosnia explosion huge blast rocks russian owned oil refinery causing multiple injuries,Negative
32342,costa del sol explosion tourists and expats warned as huge bombs go off in holiday hotspot,Negative
32342,bomb explosion deaths injured fire destruction,Negative
32342,four california men accused of inciting riots in charlottesville violence,Negative
32342,temple protest turns to riot after india revokes ban on women,Negative
32342,over hundreds bombs grenades hurled at troops during friday gaza riots,Negative
32342,protests turn violent at indian temple as devotees try to keep women out,Negative
32342,protests have resulted in several road closures in cape town atlantis,Negative
32342,one person has been killed in violent protests in stutterheim in the eastern cape,Negative
32342,more than protesters arrested as kavanaugh demonstrations pack capitol hill,Negative
32342,israeli forces killed seven palestinians on friday in protests along gaza border,Negative
32342,basra protests us closes consulate after weeks of deadly protests,Negative
32342,ethiopia protest soldiers were against ongoing reforms,Negative
32342,the protests in oregon followed a similar clash in new york where members of counterprotesters violently beat apparent protesters,Negative
